user_input,retrieved_contexts,response,reference,faithfulness,answer_relevancy,context_precision,context_recall
Quels sont les débouchés en biologie ?,"[""Les débouchés professionnels du programme LICENCE EN BIOLOGIE-Biologie médicale incluent notamment : Technicien de laboratoire d'analyses médicales, technicien en hématologie, biochimie ou parasitologie, agent de laboratoire hospitalier et de centre de santé, technicien en banque de sang et transfusion, agent de contrôle qualité en laboratoire de biologie, assistant de recherche clinique, technicien de laboratoire vétérinaire, poursuite en master (biologie médicale, santé publique). Les employeurs potentiels pour ce programme sont : hôpitaux publics et cliniques privées, laboratoires d'analyses médicales, centre national de transfusion sanguine, ANSS, laboratoires de recherche, ONG médicales."", ""Les débouchés professionnels du programme LICENCE EN BIOLOGIE - Licence Fondamentale incluent notamment : Technicien et assistant de recherche en laboratoire, enseignant de sciences de la vie et de la terre au secondaire, agent des services de santé publique et d'hygiène, technicien en laboratoire d'analyses agroalimentaires ou environnementales, agent de contrôle et d'inspection sanitaire, chargé de suivi de la biodiversité et des aires protégées, assistant en industrie pharmaceutique et brassicole, poursuite en master et doctorat (biologie, biotechnologies, santé publique). Les employeurs potentiels pour ce programme sont : universités et centres de recherche, ministères de la Santé, de l'Environnement et de l'Agriculture, hôpitaux et laboratoires privés, ONG environnementales, industries agroalimentaires et pharmaceutiques."", 'Les débouchés professionnels du programme LICENCE EN BIOLOGIE-Biologie moléculaire et Biotechnologies incluent notamment : Technicien et ingénieur en laboratoire de biologie moléculaire, assistant de recherche en biotechnologies végétales et animales, technicien en diagnostic moléculaire et génétique, chargé de production en bioindustrie (fermentation, semences, vaccins), responsable qualité en industrie pharmaceutique ou agroalimentaire, chargé de projet en amélioration variétale, entrepreneur en bioproduits, poursuite en master et doctorat (biotechnologies, génomique). Les employeurs potentiels pour ce programme sont : centres nationaux de recherche agronomique et biomédicale, laboratoires de diagnostic, industries pharmaceutiques et agroalimentaires, instituts de semences, universités, ONG et projets de développement.', ""Les débouchés professionnels du programme LICENCE EN BIOLOGIE-GEOLOGIE incluent notamment : Enseignant de sciences de la vie et de la terre au collège et au lycée, animateur et éducateur en environnement, technicien de laboratoire en biologie ou géologie, agent des services de conservation de la nature et des aires protégées, assistant technique en études d'impact environnemental, technicien en pédologie et analyse des sols, guide scientifique et médiateur culturel, poursuite en master (biologie, géologie, environnement, didactique). Les employeurs potentiels pour ce programme sont : établissements d'enseignement, ministères de l'Environnement et de l'Agriculture, ONG de conservation, bureaux d'études environnementales, universités, parcs et réserves."", 'Les débouchés professionnels du programme LICENCE EN BIOLOGIE-Bioinformatique et Analyse des Données Biologiques incluent notamment : Bioinformaticien junior et analyste de données biologiques, assistant de recherche en génomique et épidémiologie moléculaire, data analyst en santé et en recherche clinique, gestionnaire de bases de données scientifiques, appui à la surveillance génomique des agents pathogènes, technicien en plateforme de séquençage, consultant en analyse de données pour projets de santé, poursuite en master et doctorat (bioinformatique, biostatistique, science des données). Les employeurs potentiels pour ce programme sont : centres de recherche biomédicale et agronomique, ANSS et programmes de surveillance sanitaire, universités, ONG et projets internationaux de santé, entreprises du numérique et de la santé digitale.']","Voici les débouchés professionnels pour les différentes licences en biologie disponibles, regroupés par spécialité :

---

### **1. Licence en Biologie – Biologie médicale**
**Métiers possibles :**
- Technicien de laboratoire d’analyses médicales
- Technicien en hématologie, biochimie ou parasitologie
- Agent de laboratoire hospitalier ou de centre de santé
- Technicien en banque de sang et transfusion
- Agent de contrôle qualité en laboratoire de biologie
- Assistant de recherche clinique
- Technicien de laboratoire vétérinaire

**Poursuites d’études :**
- Master en biologie médicale, santé publique

**Employeurs :**
- Hôpitaux publics et cliniques privées
- Laboratoires d’analyses médicales
- Centre National de Transfusion Sanguine (CNTS)
- Agence Nationale de Sécurité Sanitaire (ANSS)
- Laboratoires de recherche
- ONG médicales

---

### **2. Licence en Biologie – Licence Fondamentale**
**Métiers possibles :**
- Technicien ou assistant de recherche en laboratoire
- Enseignant de Sciences de la Vie et de la Terre (SVT) au secondaire
- Agent des services de santé publique et d’hygiène
- Technicien en laboratoire d’analyses agroalimentaires ou environnementales
- Agent de contrôle et d’inspection sanitaire
- Chargé de suivi de la biodiversité et des aires protégées
- Assistant en industrie pharmaceutique ou brassicole

**Poursuites d’études :**
- Master et doctorat en biologie, biotechnologies, santé publique

**Employeurs :**
- Universités et centres de recherche
- Ministères (Santé, Environnement, Agriculture)
- Hôpitaux et laboratoires privés
- ONG environnementales
- Industries agroalimentaires et pharmaceutiques

---

### **3. Licence en Biologie – Biologie moléculaire et Biotechnologies**
**Métiers possibles :**
- Technicien ou ingénieur en laboratoire de biologie moléculaire
- Assistant de recherche en biotechnologies végétales et animales
- Technicien en diagnostic moléculaire et génétique
- Chargé de production en bioindustrie (fermentation, semences, vaccins)
- Responsable qualité en industrie pharmaceutique ou agroalimentaire
- Chargé de projet en amélioration variétale
- Entrepreneur en bioproduits

**Poursuites d’études :**
- Master et doctorat en biotechnologies, génomique

**Employeurs :**
- Centres nationaux de recherche agronomique et biomédicale
- Laboratoires de diagnostic
- Industries pharmaceutiques et agroalimentaires
- Instituts de semences
- Universités
- ONG et projets de développement

---

### **4. Licence en Biologie – Géologie**
**Métiers possibles :**
- Enseignant de SVT au collège et lycée
- Animateur ou éducateur en environnement
- Technicien de laboratoire en biologie ou géologie
- Agent des services de conservation de la nature et des aires protégées
- Assistant technique en études d’impact environnemental
- Technicien en pédologie (analyse des sols)
- Guide scientifique ou médiateur culturel

**Poursuites d’études :**
- Master en biologie, géologie, environnement, didactique

**Employeurs :**
- Établissements d’enseignement
- Ministères (Environnement, Agriculture)
- ONG de conservation
- Bureaux d’études environnementales
- Universités
- Parcs et réserves naturelles

---

### **5. Licence en Biologie – Bioinformatique et Analyse des Données Biologiques**
**Métiers possibles :**
- Bioinformaticien junior ou analyste","Les débouchés incluent notamment technicien de laboratoire, enseignant, poursuite en master.",,,,1.0
Combien coûtent les frais d'orientation ?,"[""2. PAIEMENT DES FRAIS D'ORIENTATION\nAvant de pouvoir formuler vos choix de programmes, vous devez régler les frais d'orientation, fixés à 50 000 GNF, payables uniquement via Orange Money. Le paiement peut être effectué avec n'importe quel compte Orange Money — le vôtre, celui d'un parent ou d'un proche — et non exclusivement avec votre numéro personnel."", ""INTRODUCTION\nLe Ministère de l'Enseignement Supérieur et de la Recherche Scientifique (MESRS) met à disposition des bacheliers guinéens la plateforme ParcourSup Guinée (www.parcoursupguinee.org) pour effectuer toutes les démarches liées à leur orientation : création du compte, paiement des frais d'orientation, choix des programmes, consultation des résultats, inscription, recensement biométrique et bourse.\n\nL'inscription sur ParcourSup Guinée est une procédure administrative obligatoire pour tout bachelier souhaitant étudier dans une Institution d'Enseignement Supérieur (IES) publique.\n\nSuivez toujours les communications officielles du MESRS et vérifiez les informations affichées sur la plateforme avant chaque démarche."", ""[2. PAIEMENT DES FRAIS D'ORIENTATION] PROCÉDURE DE PAIEMENT DES FRAIS D'ORIENTATION\n1. Connectez-vous à votre compte ParcourSup Guinée.\n2. Cliquez sur l'onglet « ORIENTATION », accédez à votre dossier, puis cliquez sur « PAYER ».\n3. Sélectionnez le logo « ORANGE MONEY ».\n4. Saisissez le numéro de téléphone associé au compte Orange Money utilisé pour le paiement.\n5. Depuis ce téléphone, composez le code Orange Money `*144*4*2*` suivi de votre code secret puis de #, et validez.\n6. Un SMS contenant votre code de paiement vous est immédiatement envoyé ; ce code est unique et valable quinze minutes.\n7. Saisissez ce code sur la plateforme et cliquez sur « Confirmer ».\n8. Une confirmation s'affiche sur la plateforme, accompagnée d'un SMS de confirmation.\n\nSi vous rencontrez une difficulté de paiement qui n'est pas couverte ci-dessous, contactez le centre d'appel de votre ville."", ""[3. CHOIX DES PROGRAMMES] PROCÉDURE DE SÉLECTION DES CHOIX\nAprès le paiement des frais d'orientation, la liste des programmes disponibles s'affiche, automatiquement filtrée selon votre moyenne au baccalauréat : un programme non affiché signifie que la moyenne minimale requise n'est pas atteinte pour ce programme.\n\nVous devez formuler exactement quinze choix de programmes, ni plus, ni moins — un nombre de choix différent de quinze empêche l'enregistrement de vos vœux.\n\nRecommandation essentielle : avant de formuler vos choix, familiarisez-vous avec l'offre de formation publiée sur la plateforme ParcourSup Guinée, et tenez compte de votre moyenne générale obtenue au baccalauréat pour classer vos choix — l'affectation étant faite par ordre de mérite.\n\n1. Depuis votre espace personnel, cliquez sur « Orientation ».\n2. Choisissez un programme dans la liste de gauche et faites-le glisser vers la liste de vœux, à droite.\n3. Répétez cette opération jusqu'à avoir sélectionné vos quinze choix.\n4. Ordonnez vos vœux par préférence réelle : le programme que vous souhaitez le plus doit figurer en haut de la liste.\n5. Cliquez sur « Enregistrer » pour valider votre classement.\n\nIl est possible d'annuler un choix et d'en formuler d'autres autant de fois que souhaité, jusqu'à la date limite — à chaque modification, pensez à enregistrer de nouveau.\n\nImportant : agissez rapidement une fois sur l'interface de classement, car si la page reste ouverte trop longtemps, la session peut expirer et l'enregistrement échoue."", ""[3. CHOIX DES PROGRAMMES] LES CHOIX NE S'AFFICHENT PAS\n1. Vérifiez en premier lieu que le paiement des frais d'orientation a bien été confirmé : tant qu'il ne l'est pas, l'accès aux choix de programmes reste bloqué.\n\nSi le problème persiste malgré un paiement confirmé, contactez le centre d'appel.""]","Les frais d'orientation sur la plateforme **ParcourSup Guinée** s'élèvent à **50 000 GNF** (cinquante mille francs guinéens).

Ce paiement est obligatoire pour accéder à la formulation de vos choix de programmes et doit être effectué **uniquement via Orange Money**.","Les frais d'orientation sont de 50 000 GNF, payables par Orange Money.",,,,
Comment récupérer mon mot de passe oublié ?,"[""[11. PROBLÈMES D'INE, DE MOT DE PASSE ET DE CONNEXION] MOT DE PASSE OUBLIÉ\nCe point concerne les cas où vous ne vous souvenez plus de votre mot de passe ou souhaitez le récupérer.\n\n1. Cliquez sur « Mot de passe oublié » sur la plateforme.\n2. Choisissez la récupération par SMS ou par e-mail.\n3. Si vous choisissez la récupération par e-mail, saisissez impérativement la même adresse e-mail que celle utilisée lors de la création de votre compte — sinon vous ne recevrez pas le nouveau mot de passe.\n4. Renseignez votre INE pour confirmer votre identité.\n5. Validez : un nouveau mot de passe, généré automatiquement et au format peu mémorisable, vous est envoyé.\n6. Connectez-vous avec ce nouveau mot de passe, puis modifiez-le immédiatement pour en choisir un plus facile à retenir."", ""[11. PROBLÈMES D'INE, DE MOT DE PASSE ET DE CONNEXION] IMPOSSIBLE DE RÉCUPÉRER LE MOT DE PASSE (E-MAIL OU TÉLÉPHONE PLUS ACCESSIBLES)\n1. Contactez le centre d'appel pour une assistance personnalisée."", ""[11. PROBLÈMES D'INE, DE MOT DE PASSE ET DE CONNEXION] INE PERDU OU OUBLIÉ\nCe point concerne les cas où vous ne retrouvez plus votre INE, que vous l'ayez perdu ou simplement oublié.\n\n1. Contactez le centre d'appel.\n2. Après vérification de votre identité, votre INE pourra vous être communiqué."", ""[5. PUBLICATION DES RÉSULTATS] TÉLÉPHONE PERDU APRÈS LES CHOIX OU AVANT LA PUBLICATION DES RÉSULTATS\nCe point concerne la perte de votre téléphone pendant la période séparant vos choix de la publication des résultats.\n\n1. Si vous connaissez toujours votre INE et votre mot de passe, connectez-vous à votre espace personnel depuis n'importe quel autre appareil pour consulter votre résultat — la perte du téléphone ne fait pas perdre votre orientation.\n2. Si vous avez perdu à la fois votre téléphone, votre INE et votre mot de passe, contactez le centre d'appel, qui vous assistera après vérification de votre identité."", ""[11. PROBLÈMES D'INE, DE MOT DE PASSE ET DE CONNEXION] ERREUR DE CONNEXION (« INE incorrect », « mot de passe incorrect », « données de connexion incorrectes »)\n1. Vérifiez attentivement le format exact de votre INE.\n2. Vérifiez l'orthographe de votre mot de passe.\n3. Si l'erreur persiste malgré ces vérifications, contactez le centre d'appel.""]","Voici les étapes pour récupérer votre mot de passe oublié sur la plateforme ParcourSup Guinée :

1. **Sur la page de connexion**, cliquez sur **« Mot de passe oublié »**.
2. **Choisissez** la méthode de récupération :
   - **Par SMS** (si vous avez accès au numéro de téléphone enregistré).
   - **Par e-mail** (si vous avez accès à l’adresse e-mail utilisée lors de la création du compte).
3. **Si vous choisissez l’e-mail** :
   - Saisissez **exactement la même adresse e-mail** que celle utilisée pour créer votre compte (sinon, le lien de récupération ne vous parviendra pas).
4. **Renseignez votre INE** pour confirmer votre identité.
5. **Validez** : un **nouveau mot de passe temporaire** (généré automatiquement) vous sera envoyé par SMS ou e-mail.
6. **Connectez-vous** avec ce mot de passe temporaire, puis **modifiez-le immédiatement** pour en choisir un plus facile à retenir.

---
**Si vous n’avez plus accès à l’e-mail ou au numéro de téléphone enregistré** :
Contactez le **centre d’appel** pour une assistance personnalisée.

---
**Besoin d’aide supplémentaire ?**
Si vous rencontrez des difficultés (ex. : INE oublié, erreur de connexion), je peux vous guider vers les solutions adaptées. Dites-moi simplement ce qui bloque !","Cliquer sur mot de passe oublié, choisir SMS ou e-mail, renseigner son INE, recevoir un nouveau mot de passe.",,,,
